{"bWdj2GDclj5ofokWjzoa5jAwMkxCykd6":40510.36666666667,"RXDvfPUBYFlVdlueBFbLW0mhhAyGEqpt":41847.166666666664,"fbPkOYLVPtPgIt0MxizjfFJov3JbHyAi":36428.933333333334,"A3fsA9Zfv1X2fVEQhTw51lKENdNrEqT3":42397.183333333334,"9Mq1P5hrrLw6Bh9X4W4ZjisQJDdxjz9x":40928.683333333334,"5Gyp41oLVo7Gg7vF4vpmggWP5MU70QO6":40774.65,"SpATywNh6bZuzm8s1ceuBUnMUAeoAHHw":40529.51666666667,"3VkHkmOtom3jM2wCu94xgzzu1d6Dn7or":38108.63333333333,"7GRhBDsirIGkRZBtSMEzNTyDr2JQm4xx":40504.183333333334,"G8EPVSXsOYB5YQWZGiz1aVq5Pgr2GrQu":41955.25,"TAYxxh39I2LZnftBpL0LfF2NxzrCKpkx":40457.5,"q6A6QG7qMpyNcznyT2XaIxnfNGkZRxXl":40464.5,"81UZtt1JJwBFYMj5u38WNKCSVA4IJSDv":42868.416666666664,"ykoe1cCWK134BJmfbNoPEenJOIWdtQOZ":39559.11666666667,"X78EhlW2JxwO1I6S3U4yZVwkEQpKXLOj":41855.683333333334,"gvEwgd64UX4t3K7ftZwXiMkFuxFUAqQE":41925.65,"HbeAZjZFFQUe90oTP0RRO0PEtRAqU3kK":38311.28333333333,"WM572q68zD5VW8pcvVTc1RhhFUq3iRFN":40478.816666666666,"Wm3dddHSynJ76EJV6hyLYKGGRL0JF3YK":41165.96666666667,"NmbZ3BmS8V4pMg6oxXHWpqqMZCE1jvYt":41203.316666666666,"nSfGxfEtzw5G72fVbfaowxsV46Pg1xIc":40757.083333333336,"Er0RFawC4sHagDmmQZcBGBrzamLQcblZ":40470.066666666666,"AXUJZGmZ0xaYSWazu8RQ1G5c76ECT1Kd":41196.316666666666,"5X6FeZozNMgE2VRi3MJYjkkFK8SETtu2":40992.166666666664,"1pvLqtotBsKv7QSOsLicJDQMHx3lui6d":36327.416666666664,"xMd9DzNyUCTLRPVbwWVzf4vq06oqrTT1":40607,"H2lDW05SyKnwntZ6Fora76aPAEswcMa5":42554.566666666666,"9Bd26pfDLvkPINwLnpaGcf0LrLUvY1Mz":42701.76666666667,"DPnLzkJJqOOPRJfBxIHbQEERiYHu5ila":41851.36666666667,"DABrJ6O4AotFwuAbfo1fuMj40VmMpPGX":40482.4,"3cnZpv6ReApmCaZyaQwi2izDZxVRdC01":42094.85,"a2E7NQC7nZB7WHEhKGhKnKvUWtsLAQzh":40395.26666666667,"mTmmr5zd8l4wXhwiULwjSmSbi9ktcFmV":41065.9,"KHPw0gmg1Ad3V07TqRpyBzA8mRjj7mkt":42235.63333333333,"shM3Yy9vxHn2aqjSYfQXOcwGo0hWh3MI":40876.88333333333,"9zpXzW9zCfU8KGBWkhlsGH8B8czISH4J":41087.75,"I7Go4XwWgpjRJM8EZGEnBpkfSmBNOlsO":40420.86666666667,"tXbz2ZYaRyb2ZsWUBPoYzAmisOhHQrYl":40627.51666666667,"V4tXq15GxHo2gaMpaJLZ3IGEkP949IbE":40758.6}
